Q_ID,Question,Answer
5239,"Doctor, I'm experiencing some strange symptoms. I've been acting hostile towards my family, and I'm having problems with my movement. Also, I've noticed that I've been slurring my words lately.","\n\n1. **Most Likely Disease:**\nStroke.  The combination of hostile behavior (potentially a symptom of a stroke affecting the frontal lobe), movement problems, and slurred speech strongly suggests a stroke.  While a substance-related mental disorder could explain some symptoms, the neurological symptoms of impaired movement and speech are more indicative of a stroke.\n\n2. **Recommended Medication(s):**\nThere is no single medication to \""cure\"" a stroke, as treatment depends on the type and severity.  However, medications are crucial for management and improving outcomes:\n\n* **tPA (tissue plasminogen activator):** This is a clot-busting drug used to dissolve blood clots causing ischemic strokes, but it must be administered within a specific time window.\n* **Antiplatelet agents (aspirin, clopidogrel):** These prevent blood clot formation and reduce the risk of further strokes.\n* **Anticoagulants (warfarin, heparin):**  Used to prevent blood clots, particularly in patients with atrial fibrillation (a common risk factor for stroke).\n* **Blood pressure medications:** To control blood pressure, a major risk factor for stroke.\n* **Statins:** To lower cholesterol levels.\n* **Rehabilitation therapy:**  Physical, occupational, and speech therapy are essential for recovery and regaining lost function.\n\n\n3. **Suggested Medical Test(s):**\n\n* **CT scan or MRI of the brain:** To visualize the brain and identify the location and type of stroke (ischemic or hemorrhagic).\n* **Blood tests:**  To assess blood clotting factors, cholesterol levels, blood sugar, and other relevant markers.\n* **Carotid ultrasound:** To evaluate the carotid arteries for blockages that may have contributed to the stroke.\n* **Echocardiogram:** To check for heart conditions, such as atrial fibrillation.\n\n\n"
913,"Hi Doctor, I've been feeling very weak and fatigued lately. I also noticed that my muscles have been shrinking and I'm having trouble building muscle. ","\n\n1. **Most Likely Disease:**\n\nBased on the reported weakness, fatigue, and muscle shrinking/difficulty building muscle,  **a metabolic disorder** is a strong possibility.  These symptoms are non-specific and could indicate several underlying conditions, but a metabolic disorder encompasses a range of conditions that could explain the combination of symptoms.  Further investigation is needed to pinpoint the exact type of metabolic disorder.\n\n\n2. **Recommended Medication(s):**\n\nTreatment for metabolic disorders varies greatly depending on the specific diagnosis.  There is no single \""cure,\"" but treatments aim to manage the underlying condition and its symptoms. Potential medication classes include:\n\n* **Nutritional Supplements:**  Depending on the specific deficiency (e.g., vitamin D, creatine, etc.), supplements might be recommended.\n* **Hormone Replacement Therapy:** If a hormonal imbalance is identified.\n* **Medications to Address Specific Symptoms:**  For example, medications to manage muscle weakness or fatigue.\n* **Enzyme Replacement Therapy:**  For certain types of metabolic disorders involving enzyme deficiencies.\n\n\n3. **Suggested Medical Test(s):**\n\nSeveral tests are crucial to determine the cause of the patient's symptoms:\n\n* **Comprehensive Metabolic Panel (CMP):** To evaluate kidney and liver function, electrolytes, glucose, and other blood components.\n* **Muscle Biopsy:** To examine muscle tissue under a microscope for abnormalities.\n* **Genetic Testing:** To identify potential genetic causes of metabolic disorders.\n* **Creatine Kinase (CK) levels:**  Elevated CK levels can indicate muscle damage.\n* **Thyroid Panel:** To rule out thyroid disorders, as they can cause similar symptoms.\n\n\n"
205,"Hi doctor, I am experiencing some pain in my lower abdomen and after a few tests, I have been diagnosed with a benign kidney cyst. What medical tests do I need to undergo now? ","**\n\n1. **Most Likely Disease:** Benign kidney cyst.  The patient has already been diagnosed with this condition.\n\n2. **Recommended Medication(s):**  There is typically no medication required to *cure* a benign kidney cyst.  Treatment focuses on managing symptoms.  Pain relievers like ibuprofen or acetaminophen may be recommended for pain relief.  If the cyst is causing significant discomfort or complications, further intervention might be considered (see below).\n\n3. **Suggested Medical Test(s):**  Since the patient already has a diagnosis, the next steps depend on the size and symptoms of the cyst.  Tests that may be recommended include:\n\n    *   **Ultrasound:** To monitor the size and growth of the cyst over time.\n    *   **CT scan or MRI:**  If the ultrasound is inconclusive or if the cyst is large or causing symptoms.  These provide more detailed imaging.\n    *   **Blood tests:**  While not directly related to diagnosing the cyst itself, blood tests may be used to assess overall kidney function and rule out other issues.\n\n\n**"
2254,"Doctor, I am experiencing some pain and soreness in my breast, along with some back pain and difficulty breathing. What could be the problem?","**\n\n1. **Most Likely Disease:**\n\nBased on the symptoms (breast pain/soreness, back pain, and difficulty breathing), it's impossible to pinpoint a single most likely disease without further information.  The provided knowledge graph paths suggest various possibilities, none of which are definitively linked to this combination of symptoms.  The symptoms are too broad and could indicate a range of conditions, from relatively benign to quite serious.  A proper diagnosis requires a thorough medical examination.\n\n2. **Recommended Medication(s):**\n\nIt's irresponsible to recommend medication without a proper diagnosis.  Treatment will depend entirely on the underlying cause of the symptoms.  Self-medicating can be dangerous and could mask a serious condition.\n\n3. **Suggested Medical Test(s):**\n\nA comprehensive medical evaluation is necessary.  This should include:\n\n* **Physical Examination:**  A thorough examination to assess the breast, back, and lungs.\n* **Imaging Studies:**  Potentially a chest X-ray, mammogram, or ultrasound depending on the findings of the physical exam.\n* **Blood Tests:** A complete blood count (CBC) and other blood tests to check for infection or other underlying issues.  This is particularly relevant given the pathways mentioning hematologic tests.\n* **Other Tests:** Depending on the initial findings, further tests may be needed (e.g., EKG, pulmonary function tests).\n\n\n**"
2007,"Doctor, I've been experiencing shortness of breath, drainage in my throat, weakness in my wrist, and I've been coughing up blood. What could be the problem?","**\n\n1. **Most Likely Disease:** Lung Abscess.  The combination of shortness of breath, throat drainage, coughing up blood, and even the less directly related wrist weakness points towards a severe lung infection like a lung abscess.  While the wrist weakness is less commonly associated, it could be due to underlying conditions or systemic effects of a severe infection.\n\n2. **Recommended Medication(s):**  This is not something an AI should provide, but generally, lung abscesses are treated with antibiotics (e.g., penicillin, amoxicillin-clavulanate, or others depending on the identified bacteria) and sometimes drainage procedures (if the abscess is large or doesn't respond to antibiotics).  *This information is for educational purposes only and should not be considered medical advice.*\n\n3. **Suggested Medical Test(s):**\n    * Chest X-ray: To visualize the lungs and identify the presence and size of an abscess.\n    * CT scan of the chest: To provide a more detailed image of the lungs and help differentiate between a lung abscess and other conditions.\n    * Sputum culture:  To identify the type of bacteria causing the infection, allowing for targeted antibiotic therapy.\n    * Blood tests: Complete blood count (CBC) to assess for infection and other systemic effects.\n\n\n**"
1829,"Doctor, I have been experiencing sharp chest pain along with an irregular heartbeat. What could be the problem?","**\n\n1. **Most Likely Disease:** Coronary atherosclerosis.  Sharp chest pain (angina) and irregular heartbeat are common symptoms of coronary artery disease, where plaque buildup narrows the arteries supplying the heart. While the other conditions listed could also cause these symptoms, coronary atherosclerosis is a more serious and prevalent possibility requiring urgent attention.\n\n2. **Recommended Medication(s):**  This is NOT a substitute for professional medical advice.  Treatment for coronary atherosclerosis depends on the severity and may include:\n    * **Aspirin:** To prevent blood clots.\n    * **Statins:** To lower cholesterol levels.\n    * **Beta-blockers:** To slow the heart rate and reduce blood pressure.\n    * **Nitroglycerin:** To relieve angina pain.\n    * **ACE inhibitors or ARBs:** To manage blood pressure and protect the heart.\n    * **Anticoagulants:** In certain cases, to reduce the risk of stroke or heart attack.  Specific medications and dosages will be determined by a cardiologist.\n\n3. **Suggested Medical Test(s):**\n    * **Electrocardiogram (ECG or EKG):** To assess the heart rhythm and detect abnormalities.\n    * **Cardiac enzyme tests (Troponin):** To detect heart muscle damage.\n    * **Echocardiogram:** To visualize the heart's structure and function.\n    * **Coronary angiography:** A more invasive test to visualize the coronary arteries and assess the extent of blockage.  This often involves a catheterization procedure.\n    * **Stress test:** To evaluate heart function during exercise.\n\n\n**"
1144,I have been diagnosed with primary kidney disease. What are the required medications for it? ,"**\n\n1. **Most Likely Disease:**  \nInsufficient information to determine a most likely disease.  The statement \""primary kidney disease\"" is too broad and requires further specification of symptoms, lab results, and medical history.\n\n\n2. **Recommended Medication(s):**\nCannot be determined without a specific diagnosis. Treatment for kidney disease varies widely depending on the underlying cause (e.g., glomerulonephritis, polycystic kidney disease, etc.).\n\n\n3. **Suggested Medical Test(s):**\nTo diagnose primary kidney disease, a comprehensive evaluation is necessary.  This would include:\n\n* **Urinalysis:** To assess for proteinuria, hematuria, and other abnormalities.\n* **Blood tests:** Including blood urea nitrogen (BUN), creatinine, electrolytes, and glomerular filtration rate (GFR) to assess kidney function.\n* **Imaging studies:**  Ultrasound, CT scan, or MRI to visualize the kidneys and detect structural abnormalities.\n* **Kidney biopsy:** In some cases, a biopsy is necessary to determine the underlying cause of kidney damage.  This is considered a gold standard for definitive diagnosis.\n\n\n**"
840,"Doctor, I have been experiencing severe back pain and stiffness. Sometimes the pain even radiates to my neck and shoulders. I also find it difficult to move my back freely.","**\n\n1. **Most Likely Disease:**\n\nSpondylitis. The patient presents with severe back pain and stiffness, radiating to the neck and shoulders, and difficulty moving the back freely.  These are all common symptoms associated with spondylitis, an inflammatory arthritis affecting the spine. While Pyelonephritis (kidney infection) can cause back pain, the radiating pain and stiffness strongly suggest a spinal issue.\n\n\n2. **Recommended Medication(s):**\n\nTreatment for spondylitis typically involves a combination of approaches:\n\n* **Nonsteroidal anti-inflammatory drugs (NSAIDs):**  Ibuprofen, naproxen, or others to reduce pain and inflammation.\n* **Disease-modifying antirheumatic drugs (DMARDs):**  Methotrexate, sulfasalazine, or others to slow disease progression.  These are typically used for more severe or persistent cases.\n* **Biologics:**  These are more targeted medications (e.g., TNF inhibitors like infliximab or adalimumab) used for severe spondylitis that doesn't respond to other treatments.\n* **Physical therapy:**  To improve range of motion, strength, and posture.\n\n\n3. **Suggested Medical Test(s):**\n\n* **X-rays:** To visualize the spine and look for signs of inflammation or damage.\n* **MRI:**  Provides more detailed images of the spine and surrounding tissues, helping to identify inflammation and assess the extent of involvement.\n* **Blood tests:** To assess inflammatory markers (ESR, CRP) which are often elevated in spondylitis.  HLA-B27 testing may also be done, though it's not diagnostic on its own.\n\n\n**"
4468,"Doctor, I recently had an ultrasound and they found a mass on my kidney. What could this mean?","\n\n1. **Most Likely Disease:**  Renal cell carcinoma (RCC) is a possibility given the discovery of a kidney mass. While other conditions can cause kidney masses, RCC is a common cause, and further investigation is crucial.\n\n2. **Recommended Medication(s):**  Treatment for RCC depends on the stage and grade of the cancer. Options include surgery (partial or complete nephrectomy), targeted therapy (e.g., sunitinib, pazopanib, axitinib), immunotherapy (e.g., nivolumab, pembrolizumab), chemotherapy (in advanced cases), and radiation therapy (in specific situations).  There is no single \""cure\"" medication, but treatment aims for remission or control of the disease.\n\n3. **Suggested Medical Test(s):**  A CT scan or MRI of the abdomen and pelvis would be necessary to better characterize the mass, determine its size and location, and look for evidence of spread.  A biopsy of the mass is essential to obtain tissue for histopathological examination and to confirm the diagnosis (whether it is cancerous and, if so, what type of renal cell carcinoma).  Blood tests (including a complete blood count, basic metabolic panel, and tumor markers like lactate dehydrogenase) may also be ordered to assess overall health and look for indicators of cancer.\n\n\n"
713,"Doctor, I was diagnosed with diabetic ketoacidosis. What tests do I need to take?<EOS>","**\n\n1. **Most Likely Disease:** Diabetic Ketoacidosis (DKA)\n\n   The patient explicitly states they were diagnosed with diabetic ketoacidosis.\n\n\n2. **Recommended Medication(s):**\n\n    * **Insulin:** This is the cornerstone of DKA treatment.  The type and route of administration (IV bolus followed by continuous infusion is typical in severe cases) will depend on the patient's specific needs and severity of the DKA.\n    * **Fluid Resuscitation:**  Intravenous fluids (normal saline) are crucial to correct dehydration, a hallmark of DKA.\n    * **Electrolyte Replacement:** Potassium levels need close monitoring and supplementation may be necessary, as DKA often leads to potassium depletion.  Other electrolytes like phosphate may also require replacement.\n\n3. **Suggested Medical Test(s):**\n\n    * **Blood Glucose:** This measures the blood sugar level, a key indicator in DKA.\n    * **Arterial Blood Gas (ABG):**  This measures pH, bicarbonate, and partial pressures of oxygen and carbon dioxide to assess the severity of acidosis.\n    * **Serum Ketones:**  This measures the level of ketones in the blood, confirming the presence of ketoacidosis.\n    * **Electrolytes (serum):** This assesses levels of sodium, potassium, chloride, and bicarbonate to guide fluid and electrolyte management.\n    * **Blood Urea Nitrogen (BUN) and Creatinine:** These assess kidney function which may be affected by DKA.\n    * **Complete Blood Count (CBC):** To check for infection, which can worsen DKA.\n    * **Urinalysis:** To check for ketones and glucose in the urine.\n\n\n**"
4838,"Doctor, I've been experiencing lower body pain and my foot/toe feels stiff or tight. Any idea what it might be?","\n\n1. **Most Likely Disease:** Flat feet.  The patient's symptoms of lower body pain and foot/toe stiffness or tightness are commonly associated with flat feet.  While other conditions are possible (as indicated by the provided knowledge graph), flat feet provide the most direct explanation for the combined symptoms.\n\n2. **Recommended Medication(s):**  There is no single medication that \""cures\"" flat feet. Treatment often focuses on managing symptoms and supporting foot function. This may include over-the-counter pain relievers like ibuprofen or naproxen for pain relief,  custom orthotics (shoe inserts) to support the arches, and in some cases, physical therapy to strengthen supporting muscles.  In severe cases, surgery might be considered, but this is rare.\n\n3. **Suggested Medical Test(s):** A physical examination by a podiatrist or orthopedic doctor is the primary diagnostic tool.  They will assess the foot's structure and range of motion.  A simple weight-bearing foot X-ray might be ordered to visualize the bones and confirm the diagnosis, especially if there is a significant concern of underlying bone abnormality or injury.\n\n\n"
3457,"Doctor, I am experiencing an eyelid lesion or rash, diminished vision, and leg weakness. What could this be?","\n\n1. **Most Likely Disease:**\nChalazion.  The patient presents with an eyelid lesion or rash and diminished vision, both of which are symptoms of a chalazion. While leg weakness is not a typical symptom of a chalazion, the other symptoms strongly suggest it as a primary possibility.  The association with Turner Syndrome in the provided data is weak and based on the possibility of diminished vision leading to various conditions which *might* in turn be associated with Turner Syndrome.  Focusing on the most directly related symptoms is key.\n\n2. **Recommended Medication(s):**\nWarm compresses applied several times a day can help to reduce inflammation.  In some cases, topical antibiotics may be prescribed to prevent secondary infection.  If the chalazion is large or persistent, surgical removal may be necessary.\n\n3. **Suggested Medical Test(s):**\nA thorough ophthalmologic examination is crucial. This would include a visual acuity test, slit-lamp biomicroscopy to examine the eyelid and surrounding structures closely, and possibly imaging (e.g., ultrasound) to assess the size and nature of the lesion.  Blood tests to assess for other conditions are not indicated at this initial stage unless the ophthalmologist finds other concerning findings.\n\n\n"
261,"Doctor, I have been experiencing some pain and swelling around my bellybutton. I also noticed some redness and discharge from the area. What could be the problem?","**\n\n1. **Most Likely Disease:** Vaginal yeast infection (or Vulvovaginitis).  The symptoms of pain, swelling, redness, and discharge around the bellybutton, while potentially indicating other conditions, are highly suggestive of a vaginal infection localized to the vulva, given the location described.  While the description doesn't explicitly mention vaginal symptoms, the proximity to the belly button makes this a strong possibility.  Pain in this area isn't always felt *inside* the vagina.\n\n2. **Recommended Medication(s):**  Over-the-counter antifungal creams like miconazole or clotrimazole are typically effective for vaginal yeast infections.  If symptoms are severe or don't improve with over-the-counter treatment, a doctor may prescribe oral antifungal medication such as fluconazole.\n\n3. **Suggested Medical Test(s):** A pelvic examination is essential.  A sample of the vaginal discharge can be taken for microscopic examination and culture to identify the specific organism causing the infection and rule out other possibilities such as bacterial vaginosis.  A urine test might be done to rule out a urinary tract infection.\n\n\n**"
245,"Doctor, I have an open wound from my surgical incision. What medical tests do I need?","**\n\n1. **Most Likely Disease:**\nSurgical site infection (SSI).  This is the most likely diagnosis because the patient explicitly mentions an open wound from a surgical incision.  SSIs are common complications following surgery.\n\n2. **Recommended Medication(s):**\n* **Antibiotics:**  The specific antibiotic will depend on the type of bacteria causing the infection.  Broad-spectrum antibiotics might be initially prescribed until culture results are available. Examples include cephalexin, clindamycin, or others.\n* **Analgesics:** Pain relievers like acetaminophen or ibuprofen to manage pain and discomfort.\n* **Topical antiseptics:**  Solutions like povidone-iodine or hydrogen peroxide (used carefully and as directed by a physician) may be applied topically to clean the wound, but systemic antibiotics are usually necessary for an SSI.\n\n3. **Suggested Medical Test(s):**\n* **Wound culture:** A sample from the wound will be sent to a lab to identify the infecting bacteria and determine antibiotic sensitivity.\n* **Complete blood count (CBC):** To assess the patient's white blood cell count, which may be elevated in the presence of infection.\n* **Erythrocyte sedimentation rate (ESR) or C-reactive protein (CRP):** These are inflammatory markers that can help assess the severity of the infection.\n* **Imaging (if indicated):** In some cases, an ultrasound or other imaging modality may be used to assess the depth and extent of the infection.\n\n\n**"
768,"Doctor, I have been experiencing difficulty in passing urine lately. It feels like something is blocking my bladder. What should I do?",[]
1792,"Hi doctor, I've been feeling hot and cold lately along with some elbow cramps or spasms. I also feel like vomiting sometimes and have had seizures in the past. What could be the reason for these symptoms? ",[]
1906,"Doctor, I have been vomiting, my throat feels tight and I am experiencing incontinence of stool.",[]
4140,"Doctor, I am experiencing eye redness, a swollen eye, a headache, spots or clouds in vision, and pain in my eye. What could be causing these symptoms?",[]
4932,"Doctor, I have this strange rash on my skin and I've noticed a few skin growths. What could be causing this?",[]
218,I had an accident last night and I think I might have injured one of my internal organs. ,[]
4598,"Doctor, I've been experiencing some strange symptoms lately. I've been abusing alcohol a bit more than usual, and I've been experiencing delusions or hallucinations. I've been slurring my words, too, and I even fainted at work the other day. ",[]
1629,"Doctor, I've been having knee pain and heartburn lately.",[]
5324,"Doctor, I have been experiencing burning chest pain, regurgitation, problems with the shape and size of my breast, and I'm also having some smoking-related problems. What could be wrong with me?",[]
4465,"Doctor, I have been experiencing some symptoms lately. I have been abusing alcohol, feeling depressed, and having temper problems. I also have some fears and phobia. ",[]
3437,"Doctor, I've been experiencing sweating along with back pain, foot or toe weakness, and dizziness. What do you think could be the problem?",[]
1806,"Doctor, I have been experiencing vomiting, burning abdominal pain and sharp abdominal pain, what could be the problem?",[]
3680,"Doctor, I've been having pelvic pain and it's been bothering me a lot lately. What could be causing this?",[]
4828,"Doctor, I have been experiencing cough, elbow cramps, excessive growth, low back weakness, and decreased appetite. What could this be?",[]
2279,"Doctor, I have a plugged feeling in my ear and my hearing has diminished recently. Additionally, I've been biting my nails a lot and experiencing some emotional symptoms. I've also noticed some muscle swelling. What could be causing all these symptoms?",[]
54,"Doctor, I have been feeling very down and sad after giving birth to my baby. It's been a few weeks now and I just can't seem to shake it off. ",[]
1308,"Doctor, I broke my tooth and it's really hurting. What medication should I take?",[]
3463,"Hi doctor, I've been experiencing leg cramps or spasms a lot lately. Any idea what could be causing it?",[]
2788,"Doctor, I have been experiencing some strange symptoms lately, including focal weakness, depressive thoughts, and itching of my skin. Can you tell me what might be causing these symptoms? ",[]
2277,"Doctor, I have been experiencing some dizziness, weakness in my elbow and low back area, and my muscles have been swelling. Additionally, I am also having a plugged feeling in my ear. Can you please tell me what's wrong with me?",[]
1274,"Hi Doc, I've been experiencing knee pain for a while now and it hurts even more when I climb stairs or do any kind of physical activity.",[]
1764,"Doctor, I've been experiencing Hemoptysis, Sharp abdominal pain, Side pain, Diarrhea, and Burning abdominal pain. What could be the reason for all these symptoms?",[]
2758,"Doctor, I have a mouth ulcer and my gums are hurting a lot. What could be the reason for this?",[]
838,"Doctor, I have been feeling really down and hopeless since I had my baby. I think I might have postpartum depression.",[]
760,"Hi Doctor, I've been having some behavioral issues lately. I get into a lot of fights and feel angry all the time. ",[]
3113,"Doctor, I have been experiencing neck swelling, toothache, mouth pain, peripheral edema, and gum pain. What could be the issue?",[]
793,I have been experiencing vaginal dryness and itching lately. It's making sex very uncomfortable.,[]
2941,"Hi doctor, I have been experiencing cramps and spasms in my lower abdomen for the past week. I also noticed a mass on my vulva, my menstruation has become very infrequent and I've been having unusual vaginal discharge. Additionally, I experienced some vaginal bleeding after menopause. What could be causing these symptoms?",[]
2818,"Doctor, I've been experiencing nausea, a headache, and a plugged feeling in my ear. What's wrong with me?",[]
4946,"Doctor, I have been experiencing symptoms like vaginal itching, painful urination, groin pain, vaginal discharge, and also I have some skin lesions. What could be the reason for these symptoms?",[]
2167,"Doctor, I have redness in my ear and my skin has an abnormal appearance. What could be wrong?",[]
356,"Doctor, I fell off my bike and got an open wound on my cheek. What do I need to do?",[]
3764,"Doctor, I have been experiencing some trouble with urination lately. I have to go very frequently and sometimes I even urinate involuntarily.",[]
4393,"Hey doctor, I am experiencing some symptoms of eye, like blurred vision and dry eyes. Can you please tell me what could be the issue?",[]
1023," Hi doctor, I have been experiencing some discomfort and pain in my kidneys. I am concerned that I may have acute kidney injury. ",[]
3101,"Doctor, I have been experiencing impotence, heartburn, blood in stool, and leg swelling. What could be the reason for these symptoms?",[]
646,"Doctor, I have been having trouble retracting my foreskin. It's painful and causing inflammation. What should I do?","**\n\n1. **Most Likely Disease:** Phimosis.  This is the inability to retract the foreskin over the glans penis. The pain and inflammation strongly suggest this condition.\n\n2. **Recommended Medication(s):** Topical corticosteroids (like hydrocortisone cream) can help reduce inflammation.  In some cases, an antibiotic cream might be prescribed if infection is suspected.  For severe cases or if other treatments fail, circumcision might be considered.  Pain relievers like ibuprofen or acetaminophen can manage pain.\n\n3. **Suggested Medical Test(s):** A physical examination by a doctor is crucial to assess the severity of the phimosis and rule out other possible causes of the symptoms.  If infection is suspected, a urine culture might be ordered.\n\n\n**"
4523,"Doctor, I have been experiencing a sharp pain in my lower abdomen. It's mostly around the suprapubic region. What could be the reason for this pain?","**\n\n1. **Most Likely Disease:**  Based on the reported sharp pain in the lower abdomen, specifically the suprapubic region, the most likely possibilities are urinary tract infection (UTI) or possibly appendicitis (if the pain is more localized and accompanied by other symptoms like nausea and vomiting).  However,  vaginitis, pyelonephritis, and ectopic pregnancy (if applicable) cannot be ruled out without further information. Given the suprapubic location, UTI is a slightly more likely initial consideration than appendicitis.\n\n\n2. **Recommended Medication(s):**  This will depend entirely on the diagnosis.  For a UTI, antibiotics like nitrofurantoin or trimethoprim-sulfamethoxazole are commonly prescribed.  For appendicitis, immediate surgical intervention (appendectomy) is usually necessary.  For vaginitis, depending on the cause (bacterial, fungal, or parasitic), specific treatments (e.g., antifungal creams for yeast infections, antibiotics for bacterial vaginosis) would be needed. Pyelonephritis (kidney infection) requires antibiotics, often intravenous initially.  An ectopic pregnancy requires immediate medical attention and may require surgery or medication depending on the situation.\n\n\n3. **Suggested Medical Test(s):**\n    * **Urinalysis:** To check for bacteria, white blood cells, and other indicators of a UTI.\n    * **Urine culture:** To identify the specific bacteria causing a UTI, if present, and guide antibiotic selection.\n    * **Pelvic exam:** For women, to evaluate for signs of vaginitis or other gynecological issues.  A pregnancy test is vital if the patient is of childbearing age.\n    * **Blood tests:** A complete blood count (CBC) to look for signs of infection (increased white blood cell count) and a pregnancy test (beta-hCG) if appropriate.\n    * **Abdominal ultrasound:** To visualize the pelvic organs and look for signs of appendicitis, ectopic pregnancy, or other abnormalities.  This would be particularly helpful if the other tests are inconclusive or if suspicion for appendicitis or ectopic pregnancy exists.\n    * **CT scan:** Might be used to confirm the diagnosis of appendicitis or evaluate other abdominal pathologies.\n\n\n**"
2402,"Doctor, I have been feeling very depressed and sometimes I feel like I am losing my mind. I have also noticed that my breathing is shorter than usual and my movements feel restricted. Additionally, my feet and legs are swollen. What could be happening to me?","**\n\n1. **Most Likely Disease:**  Heart failure. The combination of depression, shortness of breath, restricted movement, and leg swelling points towards potential heart failure.  Leg swelling (edema) is a classic sign of fluid buildup often associated with heart failure's inability to effectively pump blood.  Depression can be a symptom or consequence of heart failure, and shortness of breath is a common symptom of reduced cardiac output.  Restricted movement is also consistent with the fatigue and reduced energy common in heart failure patients.\n\n2. **Recommended Medication(s):**  The specific medications would depend on the underlying cause and severity of the heart failure.  However, common treatments might include:\n    * **ACE inhibitors (e.g., Lisinopril, Ramipril):**  These help relax blood vessels and reduce the workload on the heart.\n    * **Beta-blockers (e.g., Metoprolol, Carvedilol):**  These slow the heart rate and reduce its force of contraction, improving blood flow.\n    * **Diuretics (e.g., Furosemide, Hydrochlorothiazide):**  These help remove excess fluid from the body, reducing swelling.\n    * **Digoxin:**  This can help strengthen the heart's contractions.\n    * **Antidepressants (e.g., Sertraline, Fluoxetine):** To address the depression.\n\n3. **Suggested Medical Test(s):**\n    * **Echocardiogram:**  An ultrasound of the heart to assess its structure and function. This can help determine the ejection fraction (how well the heart is pumping).\n    * **Electrocardiogram (ECG):**  To detect any abnormalities in the heart's rhythm and electrical activity.\n    * **Chest X-ray:**  To check for fluid buildup in the lungs (pulmonary edema) or other abnormalities.\n    * **Blood tests:**  To check for levels of electrolytes (including potassium), kidney function, and other markers indicative of heart damage.\n    * **BNP (B-type natriuretic peptide) blood test:** A marker for heart failure.\n\n\n\n**"
5150,"Doctor, I have been experiencing shoulder pain. Could you tell me what might be causing it?","\n1. **Most Likely Disease:** Rotator cuff injury.  Shoulder pain is a common presenting symptom of rotator cuff injuries, which involve damage to the tendons and muscles surrounding the shoulder joint.  While other conditions can cause shoulder pain, a rotator cuff injury is a relatively frequent cause.\n\n2. **Recommended Medication(s):**\n    * **Nonsteroidal anti-inflammatory drugs (NSAIDs):** such as ibuprofen or naproxen to reduce pain and inflammation.\n    * **Analgesics:** such as acetaminophen (paracetamol) for pain relief.\n    * **Corticosteroid injections:**  These can provide temporary pain relief but are not a long-term solution.\n    * **Physical therapy:** This is crucial for strengthening the rotator cuff muscles and improving shoulder function.\n\n3. **Suggested Medical Test(s):**\n    * **Physical examination:** The doctor will assess the range of motion, strength, and tenderness in the shoulder.\n    * **Imaging studies:** X-rays can rule out fractures or other bony abnormalities.  MRI is the gold standard for visualizing soft tissues like tendons and muscles, allowing for the precise identification of rotator cuff tears.\n\n\n"
5067,"Doctor, I have noticed problems with the shape and size of my breast and there is also some swelling in my back. Can you tell me what is wrong with me?","\n\n1. **Most Likely Disease:**  Pilonidal cyst. The patient presents with breast shape and size concerns, along with lower back swelling. While breast changes can have numerous causes, the combination with lower back swelling points towards a pilonidal cyst as a possibility.  Pilonidal cysts are located in the cleft of the buttocks and can cause swelling in the lower back region.  The breast issues may be unrelated or a coincidence.\n\n2. **Recommended Medication(s):**  Treatment for a pilonidal cyst varies depending on the severity.  Options include:\n    * **Antibiotics:** To combat infection if present.  Specific antibiotics (e.g., cephalexin, clindamycin) would be prescribed based on culture results.\n    * **Pain relievers:** Over-the-counter medications like ibuprofen or acetaminophen for pain management.\n    * **Sitz baths:** Soaking the affected area in warm water to promote drainage and reduce inflammation.\n    * **Surgical drainage or excision:**  For larger or infected cysts, surgical intervention may be necessary.\n\n3. **Suggested Medical Test(s):**\n    * **Physical Examination:** A thorough examination of the breasts and lower back to assess the extent of swelling, tenderness, and any signs of infection (redness, warmth, pus).\n    * **Imaging (ultrasound or MRI):** To visualize the cyst, assess its size and depth, and rule out other conditions.\n    * **Culture and Sensitivity:** If an infection is suspected, a sample from the cyst would be sent for culture to identify the causative bacteria and determine the most effective antibiotic.\n\n\n"
2963,"Doctor, I have been having some redness in my ear, facial pain, toothache, sore throat, and ear pain. What could be the issue?","**\n\n1. **Most Likely Disease:**  Cellulitis or abscess of the mouth. The patient presents with multiple symptoms strongly suggestive of an infection in this area: facial pain, toothache, sore throat, and redness in the ear (possibly indicating involvement of the parotid gland).  While mastoiditis and sinusitis are possible based on the provided information, the cluster of oral symptoms makes a mouth infection more likely as the primary diagnosis.\n\n2. **Recommended Medication(s):**\n    * **Antibiotics:** A broad-spectrum antibiotic like Amoxicillin-clavulanate (Augmentin) or Clindamycin would be appropriate, pending culture results to tailor treatment specifically.  The choice depends on the suspected pathogen.\n    * **Analgesics:** Pain relief can be achieved with ibuprofen or acetaminophen.  If pain is severe, stronger analgesics may be necessary.\n    * **Warm Compresses:** Applying warm compresses to the affected area can help soothe pain and promote drainage.\n\n3. **Suggested Medical Test(s):**\n    * **Physical Examination:** Thorough visual examination of the mouth, throat, and ear. Palpation to check for swelling or tenderness.\n    * **Complete Blood Count (CBC):** To assess for signs of infection (e.g., elevated white blood cell count).\n    * **Blood Cultures:** To identify the specific bacteria causing the infection, guiding antibiotic choice.\n    * **Imaging (CT Scan or Ultrasound):** May be necessary to better visualize any abscess or assess the extent of infection, particularly if there is significant swelling or concern about deeper involvement.\n    * **Aspiration and Culture:** If an abscess is suspected, aspiration of the fluid for microscopic examination and culture to identify causative organism and guide treatment.\n\n**"
4730,"Doctor, I have been having some issues with my ear lately. There's always this constant ringing in my ear and I feel like there's fluid in my ear.","**\n\n1. **Most Likely Disease:** Tinnitus of unknown cause.  The patient presents with constant ringing in the ear (tinnitus) and a feeling of fluid in the ear. While mastoiditis is a possibility (indicated in the provided knowledge graph), tinnitus is a more encompassing symptom and, without additional information, represents the most likely primary diagnosis.\n\n2. **Recommended Medication(s):**  There isn't a cure for tinnitus of unknown cause, but management strategies focus on symptom relief.  These may include:\n    * **Sound therapy:**  White noise machines or tinnitus maskers can help reduce the perception of the ringing.\n    * **Cognitive behavioral therapy (CBT):**  This can help patients cope with the psychological distress associated with chronic tinnitus.\n    * **Medication:** In some cases, medications like certain antidepressants (e.g., amitriptyline) or anti-anxiety medications (e.g., alprazolam) may be prescribed to help manage associated anxiety or depression, or to address other underlying conditions that might be contributing to the tinnitus.  Note: These medications are not directly treating the tinnitus itself, but addressing secondary problems that may be worsening its impact.\n\n\n3. **Suggested Medical Test(s):**\n    * **Physical examination:**  A thorough examination of the ear to rule out other potential causes such as impacted earwax, middle ear infection (otitis media), or other structural abnormalities.\n    * **Audiogram:** This hearing test measures the threshold of hearing at different frequencies and helps differentiate between different types of hearing loss, which can sometimes be associated with tinnitus.\n    * **Tympanometry:** Measures the movement of the eardrum and middle ear structures, assessing the condition of the middle ear. This helps to identify the presence of fluid.\n    * **Imaging studies (if indicated):**  In certain cases, imaging tests such as MRI or CT scans might be used to rule out other underlying medical conditions that could be contributing to the tinnitus.  This would typically only be done if there is suspicion of a more serious underlying condition.\n\n\n**"
1576,"Doctor, I've been experiencing suprapubic pain, groin mass, lack of growth, leg pain, and some emotional symptoms. What could be the problem?","\n\n1. **Most Likely Disease:** Turner Syndrome.  The combination of suprapubic pain, groin mass, lack of growth, and leg pain, along with emotional symptoms, strongly suggests Turner syndrome.  This is a genetic condition affecting females, characterized by the absence of one X chromosome.\n\n\n2. **Recommended Medication(s):** There isn't a cure for Turner syndrome, but treatment focuses on managing symptoms.  This may include:\n    * **Growth hormone therapy:** To stimulate growth in individuals with short stature.\n    * **Estrogen replacement therapy:** To promote puberty and development of secondary sexual characteristics.  This is typically initiated during puberty and continued until menopause.\n    * **Hormone therapy to manage fertility issues:**  If the patient desires pregnancy, fertility treatments like in-vitro fertilization (IVF) might be considered.\n    * **Treatment for other associated conditions:**  This could include medications to manage cardiovascular issues (common in Turner Syndrome) or other health problems that may arise.\n\n\n3. **Suggested Medical Test(s):**\n    * **Karyotype analysis (karyotyping):** This is the primary diagnostic test for Turner syndrome. It examines the chromosomes to confirm the absence of one X chromosome.\n    * **Hormone testing:**  Measuring levels of FSH, LH, and estradiol can help assess ovarian function and hormone levels.\n    * **Echocardiogram:**  To screen for heart defects, a common complication of Turner syndrome.\n    * **Renal ultrasound:**  To evaluate kidney function, as kidney abnormalities can also be present.\n    * **Physical examination:** To assess growth, development, and presence of other characteristic features.\n\n\n"
570,"Doctor, I have been experiencing fatigue, weakness, and jaundice. My family has a history of anemia and I think I might have it too.","**\n\n1. **Most Likely Disease:**\nBased on the symptoms (fatigue, weakness, and jaundice), and the family history of anemia, the most likely disease is **hemolytic anemia**.  Jaundice is a key indicator of hemolysis (destruction of red blood cells), and fatigue and weakness are common consequences of anemia due to insufficient oxygen-carrying capacity of the blood.  While the provided knowledge graph focuses on other conditions, the presented symptoms strongly suggest hemolytic anemia as a primary differential diagnosis.\n\n2. **Recommended Medication(s):**\nTreatment for hemolytic anemia depends on the underlying cause.  There isn't a single \""cure,\"" but management strategies include:\n\n* **Corticosteroids:**  (e.g., prednisone) to suppress the immune system if the anemia is autoimmune in origin.\n* **Immunosuppressants:**  (e.g., azathioprine, cyclosporine)  in cases of severe autoimmune hemolytic anemia unresponsive to corticosteroids.\n* **Splenectomy:** Surgical removal of the spleen may be considered in certain cases, as the spleen plays a role in red blood cell destruction.\n* **Blood transfusions:** To address immediate anemia-related symptoms.\n* **Medication to treat the underlying cause:** If the anemia is caused by another condition (e.g., a specific infection or genetic disorder).\n\n3. **Suggested Medical Test(s):**\n* **Complete blood count (CBC):** To assess red blood cell count, hemoglobin levels, hematocrit, and other blood cell parameters.  This is essential for diagnosing anemia.\n* **Peripheral blood smear:** Microscopic examination of a blood sample to look for abnormalities in red blood cell morphology indicative of hemolysis.\n* **Reticulocyte count:** To measure the number of immature red blood cells, indicating bone marrow's response to anemia.\n* **Direct antiglobulin test (DAT, or Coombs test):** To detect antibodies attached to red blood cells, suggesting an autoimmune cause.\n* **Haptoglobin levels:**  Low levels indicate hemolysis as haptoglobin binds to free hemoglobin released from destroyed red cells.\n* **Lactate dehydrogenase (LDH):** Elevated levels suggest red blood cell breakdown.\n* **Bilirubin levels:** Elevated levels (consistent with jaundice) are suggestive of hemolysis.\n* **Genetic testing:** May be necessary to identify underlying genetic causes of hemolytic anemia.\n\n\n**"
376,"Doctor, I have been experiencing dizziness and a feeling of everything spinning around me. It's been happening for a few days now and I'm a bit worried.","**\n\n1. **Most Likely Disease:** Benign Paroxysmal Positional Vertigo (BPPV)\n\nBPPV is characterized by brief episodes of vertigo triggered by specific head movements.  While the provided information mentions dizziness, it doesn't specify the nature of the dizziness (e.g., constant vs. episodic, related to head position).  However, given the relatively short duration (a few days) and the lack of other prominent symptoms (like nausea, which is associated with the other possibilities in the provided evidence), BPPV is a more likely candidate than the other conditions mentioned (NASH, Hyperkalemia, Headache after lumbar puncture). These other conditions tend to have a broader and more severe symptom profile.\n\n\n2. **Recommended Medication(s):**\n\n* **Vestibular suppressants:**  These medications, such as meclizine or promethazine, can help reduce the severity of vertigo symptoms.  However, they are generally used for short-term symptom relief and not as a cure.\n* **Antiemetics:** If nausea is present (not explicitly mentioned, but often associated with vertigo), an antiemetic like ondansetron may be prescribed.\n\n\n3. **Suggested Medical Test(s):**\n\n* **Dix-Hallpike maneuver:** This is a specific clinical test used to diagnose BPPV. It involves rapidly changing the patient's head position to see if it triggers nystagmus (rapid involuntary eye movements), a key sign of BPPV.\n* **Head impulse test (HIT):** This test assesses the vestibulo-ocular reflex, which helps control eye movements during head turns.  Abnormal findings can suggest vestibular dysfunction.  It is often used in conjunction with the Dix-Hallpike.\n* **Caloric testing:** This test involves irrigating the ear canals with warm and cool water to assess the function of the vestibular system.  While less commonly used initially for BPPV, it can provide more detailed information about vestibular function if the diagnosis is unclear.\n\n\n**"
5418,"Doctor, I have a big swollen lip and I have an open wound in my jaw. What could be causing this?","\n\n1. **Most Likely Disease:** Cellulitis or abscess of the mouth.  The patient presents with a swollen lip and an open wound in the jaw, which are consistent with a localized infection.  The proximity of the wound to the lip suggests a possible spread of infection.\n\n\n2. **Recommended Medication(s):**  This is not a diagnosis or treatment recommendation.  A doctor should be consulted immediately.  Possible treatments *if diagnosed with cellulitis or abscess* might include antibiotics (e.g., penicillin, clindamycin, or others depending on the bacteria involved), drainage of the abscess (if present), and pain relievers (e.g., ibuprofen or acetaminophen).\n\n\n3. **Suggested Medical Test(s):** This is not a diagnosis or treatment recommendation.  A doctor should be consulted immediately.  Relevant tests might include:\n    * **Physical examination:** A thorough examination of the affected area to assess the extent of swelling, inflammation, and the characteristics of the wound.\n    * **Culture and sensitivity testing:** A sample from the wound can be taken to identify the type of bacteria causing the infection and determine which antibiotics would be most effective.\n    * **Imaging (e.g., ultrasound or CT scan):**  May be used to assess the depth and extent of the infection, particularly if an abscess is suspected.  Might help rule out more serious underlying conditions.\n\n\n"
1867,"Doctor, I have been experiencing sharp abdominal pain recently.","**\n\n1. **Most Likely Disease:**  Acute pancreatitis.  While all the listed conditions can cause sharp abdominal pain, acute pancreatitis is a serious condition that often presents with sudden, severe abdominal pain.  The other conditions (choledocholithiasis, thoracic aortic aneurysm, abdominal injury, hyperkalemia) have less common presentation with only sharp abdominal pain as the sole symptom and often present with other, more specific symptoms.\n\n\n2. **Recommended Medication(s):**  Treatment for acute pancreatitis focuses on pain management and supportive care. This might include intravenous fluids (IV fluids), pain medications such as opioids (morphine, fentanyl), and medications to control nausea and vomiting (anti-emetics like ondansetron).  In severe cases, additional medications may be necessary to address complications.  This is *not* a complete treatment plan and should be determined by a physician.\n\n3. **Suggested Medical Test(s):**  A complete blood count (CBC), amylase and lipase levels (to assess pancreatic function), CT scan of the abdomen and pelvis (to visualize the pancreas and surrounding structures), and possibly an MRI.  Further tests may be needed depending on the severity and presentation.\n\n\n**"
2371,"Hi doctor, I'm experiencing some pain in my neck, shoulder, and arm. Do you have any idea what it could be?","**\n\n1. **Most Likely Disease:**\nBased on the symptoms of neck, shoulder, and arm pain, the most likely diagnosis is **Fibromyalgia**.  While rotator cuff injury and other conditions are possible, Fibromyalgia is characterized by widespread musculoskeletal pain accompanied by fatigue, sleep disturbances, and other symptoms. The presence of pain across multiple areas (neck, shoulder, arm) makes it more likely than a localized injury like a rotator cuff tear.\n\n\n2. **Recommended Medication(s):**\nThere is no cure for fibromyalgia, but treatment focuses on managing symptoms. Medications commonly used include:\n\n* **Analgesics:** Over-the-counter pain relievers like acetaminophen (Tylenol) or ibuprofen (Advil, Motrin) for mild pain.\n* **Antidepressants:**  Certain antidepressants, such as duloxetine (Cymbalta) and milnacipran (Savella), can help alleviate pain and improve sleep.\n* **Anticonvulsants:** Pregabalin (Lyrica) and gabapentin (Neurontin) can reduce nerve pain.\n* **Muscle Relaxants:**  Cyclobenzaprine (Flexeril) may help relax muscles and reduce pain.\n\nNon-pharmacological treatments such as physical therapy, exercise, and stress management techniques are also crucial for managing fibromyalgia.\n\n\n3. **Suggested Medical Test(s):**\nThere's no single definitive test for fibromyalgia. Diagnosis is based on symptoms and exclusion of other conditions.  Tests may include:\n\n* **Physical Examination:** To assess the range of motion, tenderness to palpation in multiple areas, and other relevant findings.\n* **Blood tests:** To rule out other conditions with similar symptoms (e.g., rheumatoid arthritis, hypothyroidism).\n* **Imaging studies (X-rays, MRI):**  May be ordered to rule out other causes of pain like fractures or nerve compression, but are not typically used to diagnose fibromyalgia directly.\n\n\n**"
654,"Doctor, I have been experiencing shortness of breath and chest pain. My doctor believes that I have pleural effusion. What tests do I need to take to confirm this diagnosis?","\n1. **Most Likely Disease:** Pleural effusion.  The patient's shortness of breath and chest pain are classic symptoms of pleural effusion, which is a buildup of fluid in the pleural space between the lungs and the chest wall.\n\n2. **Recommended Medication(s):**  Treatment for pleural effusion depends on the underlying cause.  There isn't a medication to \""cure\"" the effusion itself, but rather to treat the underlying cause.  This might include diuretics (like furosemide) to reduce fluid buildup if it's due to heart failure, antibiotics if it's caused by an infection, or medications to manage the underlying condition causing the effusion.  In some cases, thoracentesis (removal of fluid with a needle) might be necessary.\n\n3. **Suggested Medical Test(s):**\n    * **Chest X-ray:**  This is the initial imaging test to detect the presence of pleural effusion.\n    * **Ultrasound:** This can help guide thoracentesis and assess the size and characteristics of the effusion.\n    * **CT scan:**  A CT scan provides more detailed images of the chest and can help identify the cause of the effusion.\n    * **Thoracentesis:** This procedure involves removing a sample of fluid from the pleural space for analysis.  This fluid analysis can help determine the cause of the effusion (e.g., infection, cancer, heart failure).\n\n\n"
1908,"Doctor, I have been experiencing vomiting blood, incontinence of stool, and temper problems lately. What could be the problem?",[]
828,"Doctor, I think I may have a foreign object stuck in my vagina, and I'm experiencing discomfort.",[]
3114,"Doctor, I have been experiencing gum pain and pain in my gums. What could be the problem?",[]
2278,"Doctor, I have been experiencing elbow cramps and weakness lately, along with some emotional symptoms. Can you tell me what's wrong with me? ",[]
3715,"I have this sore on my leg that just won't seem to heal, and the skin around it looks infected. What do you think it could be?",[]
5208,"Doctor, I have this lump in my throat and drainage in my throat. My tonsils are also swollen and my throat feels tight. I am also experiencing some apnea. What could be causing these symptoms?",[]
2989,"Doctor, I've been experiencing side pain, back pain, and it hurts to breathe. Additionally, my bones are painful. Can you tell me what's going on?",[]
1333,"Doctor, I have been experiencing a tingling sensation and weakness in my arms and legs. I was just diagnosed with mononeuritis. What medication should I take?",[]
3033,"Doctor, I have been experiencing vomiting blood, depressive symptoms, and sometimes even hostile behavior. What could be causing all this?",[]
2911,"Hi Doctor, I've been experiencing some symptoms lately like pain in my eye, facial pain and a lump on my knee. Do you know what might be causing this? ",[]
1717,"Doctor, I've been coughing up sputum and experiencing sharp chest and abdominal pain. I've also noticed flushing and jaundice. What could be wrong with me?",[]
2188,"Doctor, I have been feeling extremely tired and dizzy lately. I am also suffering from constipation and smoking problems. Additionally, I have been feeling very low and ache all over my body. What could be the reason for all of this?",[]
5309,"Doctor, I have been experiencing sharp chest pain, leg pain, sweating, back pain, and cough. What could be wrong with me?",[]
585,"Doctor, I have been experiencing a lot of pain and discomfort in my breasts lately. I noticed a small lump that seems to be causing me immense pain. Do you know what could be the reason?",[]
4991,"Doctor, I've been experiencing groin pain along with redness of the penis and swelling of scrotum. Additionally, the skin around the area looks abnormal. What could be the issue?",[]
5202,"I have a skin rash, sore throat, lip sore, ache all over my body, and a terrible headache. What could be the problem, doctor?",[]
1402,"Doctor, I have been experiencing very painful and unusual menstrual cramps every month. I don't know what to do, it's really affecting my daily routine.",[]
4376,"Doctor, I've been experiencing an irregular heartbeat, chest tightness, and palpitations. My heart rate has also decreased and I've been gaining weight. What could be causing these symptoms?",[]
2006,"Doctor, I have been experiencing vomiting, cough, sharp chest pain, and back pain. What could be the problem?",[]
1339,"Doctor, I have recently been diagnosed with Endocarditis. What medications do I need to take?",[]
3787,"Doctor, I have been experiencing heartburn and back pain for the past few days. Could you please tell me what might be causing this?",[]
3109,"Doctor, I've been feeling really down lately, and my body feels like it's in pain. Also, I'm having these weird involuntary movements. What could be wrong with me?",[]
2212,"Doctor, I have an open wound on my back and I've been feeling like my heartbeat is irregular. What could be the problem? ",[]
5243,"Doctor, I have this skin rash on my feet and my skin is also dry, peeling and rough. What could be the reason?",[]
4563,"Doctor, I have been experiencing a lot of pain lately. My hand, fingers, shoulder, neck, and even elbow have been hurting. I also have some low back pain. What do you think is the problem?",[]
1800,"Doctor, my infant has been having diarrhea, redness in their ear, decreased appetite, and has been very irritable lately. What could be wrong?",[]
2657,"Doctor, I have been experiencing shoulder pain, headache, and weakness lately. What could be the problem?",[]
459,"Hey Doc, I've been experiencing some chest pains recently and I'm afraid it might be related to my central atherosclerosis. Is there any way to know for sure?",[]
1877,"Doctor, I am having severe back pain and headache. What could be the reason?",[]
